game,innings,R_home,R_away,H_home,H_away,HR_home,HR_away,BB_home,BB_away,K_home,K_away,E_home,E_away,pitches_home,pitches_away,starter_IP_home,starter_IP_away,line_home,line_away
1000,9,4,6,8,10,0,1,3,2,7,8,1,0,143,168,5.0,7.0,1 0 0 0 0 0 0 3 0,0 2 2 0 0 0 0 1 1
1001,9,7,6,10,13,3,3,1,5,6,10,2,0,131,182,5.0,7.0,3 1 0 0 0 0 1 0 2,0 0 1 0 0 2 1 2 0
1002,9,7,10,9,17,0,2,8,3,8,7,0,1,194,163,6.0,6.0,0 0 0 1 0 6 0 0 0,4 0 1 0 0 0 3 2 0
1003,9,4,3,7,9,1,0,2,0,9,7,1,1,123,141,7.0,7.0,0 1 1 0 0 0 0 0 2,0 0 0 0 0 0 3 0 0
1004,9,6,3,7,8,0,0,2,4,5,14,1,1,171,169,5.0,4.0,3 0 3 0 0 0 0 0 0,0 0 1 1 0 0 0 1 0
1005,9,4,6,10,12,0,0,1,1,4,11,2,1,156,158,5.0,6.0,2 1 0 0 1 0 0 0 0,2 4 0 0 0 0 0 0 0
1006,9,5,12,9,13,0,2,3,6,11,13,1,1,146,192,4.0,6.0,2 0 0 0 0 3 0 0 0,0 4 4 3 0 1 0 0 0
1007,12,3,3,11,10,1,0,1,1,17,15,0,1,174,179,7.0,6.0,0 1 0 0 0 0 0 2 0 0 0 0,0 0 0 0 0 1 0 0 2 0 0 0
1008,9,2,7,6,8,0,1,3,8,11,8,0,0,165,157,6.0,5.0,1 0 0 0 0 0 0 0 1,1 0 1 0 0 4 0 0 1
1009,9,5,3,7,6,0,1,6,8,9,6,1,1,161,159,7.0,5.0,0 0 0 2 3 0 0 0 0,0 2 0 0 0 0 1 0 0
1010,9,0,1,6,7,0,0,3,1,10,11,2,0,169,132,7.0,5.0,0 0 0 0 0 0 0 0 0,0 0 0 1 0 0 0 0 0
1011,9,6,2,8,12,0,1,1,1,7,8,0,4,142,147,6.0,7.0,0 2 0 0 0 3 0 1 0,0 0 1 0 0 1 0 0 0
1012,9,3,6,11,12,0,1,4,0,11,4,1,0,178,153,5.0,4.0,0 2 1 0 0 0 0 0 0,0 1 2 1 1 0 0 0 1
1013,9,4,10,9,17,0,3,6,1,7,7,1,2,157,161,6.0,5.0,0 0 0 1 2 0 0 1 0,1 0 6 0 0 0 0 1 2
1014,12,8,8,16,16,0,0,4,1,10,11,1,0,193,205,6.0,6.0,0 1 1 0 0 0 0 0 4 0 0 2,0 1 0 0 5 0 0 0 0 0 0 2
1015,9,2,5,4,8,1,0,0,2,12,13,0,0,118,150,7.0,7.0,0 0 2 0 0 0 0 0 0,0 0 0 0 0 0 5 0 0
1016,9,0,2,4,10,0,2,5,2,13,10,0,0,160,159,6.0,5.0,0 0 0 0 0 0 0 0 0,0 0 0 0 0 1 0 0 1
1017,12,8,8,16,21,2,0,4,2,17,12,0,0,222,202,6.0,5.0,0 1 0 1 1 0 0 5 0 0 0 0,0 5 0 0 0 0 3 0 0 0 0 0
1018,9,1,5,7,12,0,1,2,6,7,10,0,3,149,181,5.0,7.0,0 0 0 0 0 0 0 0 1,0 0 1 2 1 0 0 0 1
1019,9,12,4,12,8,1,0,9,5,6,11,1,0,190,171,6.0,5.0,1 0 4 4 1 0 0 2 0,2 0 1 0 0 1 0 0 0
1020,9,5,4,11,9,1,0,0,4,7,6,0,1,145,165,5.0,6.0,0 0 0 2 1 0 2 0 0,1 1 0 2 0 0 0 0 0
1021,9,4,7,7,9,1,2,5,5,13,7,2,0,164,157,5.0,5.0,2 0 0 0 0 0 0 2 0,0 1 4 0 0 1 0 0 1
1022,9,3,5,11,7,1,1,1,4,11,12,0,1,153,149,5.0,7.0,0 1 0 0 0 0 0 1 1,0 0 1 0 4 0 0 0 0
1023,9,6,4,9,9,2,1,5,2,9,8,1,0,138,140,7.0,7.0,0 0 1 0 1 0 4 0 0,0 0 1 0 1 0 0 0 2
1024,9,8,3,14,4,2,0,5,2,10,7,2,0,174,135,6.0,5.0,0 0 0 0 3 3 1 1 0,1 2 0 0 0 0 0 0 0
1025,9,3,1,11,5,0,0,3,0,2,4,0,1,127,93,9.0,8.0,0 0 1 2 0 0 0 0 0,0 0 0 1 0 0 0 0 0
1026,9,1,2,6,9,0,1,0,1,2,7,1,0,132,132,7.0,8.0,0 0 0 0 1 0 0 0 0,0 0 0 1 0 0 1 0 0
1027,9,5,8,5,14,0,0,4,2,12,7,2,1,144,167,6.0,6.0,0 3 1 0 0 0 1 0 0,0 0 0 0 4 0 1 3 0
1028,9,6,2,12,12,1,2,1,1,12,10,0,1,159,153,5.0,6.0,0 0 0 0 2 0 3 1 0,1 0 0 0 0 0 1 0 0
1029,9,4,12,11,15,0,3,6,6,7,4,1,0,166,184,4.0,6.0,0 1 0 0 0 3 0 0 0,0 5 0 2 1 2 0 0 2
1030,9,11,3,12,8,0,0,5,2,9,9,1,2,169,155,5.0,4.0,1 4 1 5 0 0 0 0 0,2 0 1 0 0 0 0 0 0
1031,9,5,4,10,9,1,0,1,3,12,11,1,1,151,154,5.0,6.0,3 1 0 0 0 0 1 0 0,3 0 1 0 0 0 0 0 0
1032,9,5,3,4,4,2,0,5,3,12,11,1,0,126,152,6.0,8.0,0 0 5 0 0 0 0 0 0,0 0 3 0 0 0 0 0 0
1033,9,8,6,14,9,1,0,2,2,7,8,1,1,151,150,6.0,5.0,0 0 2 1 3 0 0 2 0,1 0 0 0 3 0 2 0 0
1034,9,7,4,7,10,1,0,8,3,6,7,1,0,166,125,8.0,6.0,0 0 0 0 0 7 0 0 0,1 0 0 0 0 1 2 0 0
1035,9,3,0,8,4,1,0,3,1,8,15,1,0,126,124,7.0,8.0,0 3 0 0 0 0 0 0 0,0 0 0 0 0 0 0 0 0
1036,9,6,4,8,6,0,0,7,2,6,12,0,0,150,135,6.0,6.0,4 2 0 0 0 0 0 0 0,0 0 0 0 4 0 0 0 0
1037,9,10,6,15,9,0,0,1,6,6,6,1,2,157,163,7.0,6.0,0 0 0 3 0 2 0 0 5,0 0 0 0 0 0 6 0 0
1038,9,1,5,5,12,1,1,1,4,8,12,0,1,127,176,5.0,7.0,0 0 0 0 0 1 0 0 0,0 0 0 0 0 1 0 3 1
1039,9,9,2,14,5,4,0,3,5,8,9,0,0,158,156,6.0,6.0,2 0 0 2 1 0 2 0 2,0 0 0 0 0 1 1 0 0
1040,9,8,2,13,6,2,1,2,2,8,9,0,1,166,134,6.0,6.0,2 0 1 1 0 1 0 0 3,0 1 0 0 0 0 0 0 1
1041,9,1,13,5,18,0,1,3,2,6,2,3,1,144,159,6.0,6.0,0 0 0 0 0 0 1 0 0,0 2 5 0 2 0 2 0 2
1042,9,8,5,14,12,1,0,0,0,4,6,0,2,131,124,7.0,7.0,1 0 0 0 1 0 3 1 2,1 0 3 0 0 0 0 1 0
1043,9,4,8,7,11,1,1,2,3,9,8,2,1,133,154,6.0,7.0,0 0 0 0 0 0 2 2 0,0 5 1 0 0 2 0 0 0
1044,9,9,2,10,6,0,0,9,7,8,11,0,0,188,139,7.0,5.0,0 0 2 0 5 0 2 0 0,0 0 0 0 0 0 2 0 0
1045,9,7,0,10,3,1,0,4,2,6,12,1,4,176,132,7.0,5.0,0 0 0 0 6 0 0 0 1,0 0 0 0 0 0 0 0 0
1046,9,12,3,8,9,0,0,11,4,6,6,1,3,187,155,5.0,3.0,0 8 1 0 3 0 0 0 0,0 0 0 0 0 2 0 0 1
1047,10,6,5,12,13,1,0,5,4,8,4,0,0,171,181,7.0,7.0,0 0 1 0 2 0 1 0 1 1,0 0 0 0 0 1 4 0 0 0
1048,10,6,3,11,10,1,0,0,2,6,10,1,0,156,157,7.0,8.0,1 0 0 0 2 0 0 0 0 3,0 0 1 2 0 0 0 0 0 0
1049,9,6,1,9,2,0,1,4,3,7,10,0,1,153,112,8.0,5.0,0 5 0 0 0 0 1 0 0,0 0 0 0 0 0 1 0 0
1050,9,5,7,6,10,1,1,5,0,5,8,1,1,148,148,6.0,7.0,0 0 0 2 0 0 3 0 0,2 0 0 3 0 2 0 0 0
1051,9,3,2,7,9,0,0,3,2,5,11,0,1,120,128,7.0,8.0,0 0 0 0 0 0 1 0 2,0 1 0 0 0 0 0 0 1
1052,9,9,5,10,6,1,0,10,6,4,9,0,0,179,180,6.0,5.0,0 1 1 0 6 0 0 0 1,0 0 0 0 0 5 0 0 0
1053,9,11,1,14,4,0,0,8,1,6,15,0,2,196,121,7.0,4.0,2 4 2 0 0 0 2 0 1,0 0 0 0 1 0 0 0 0
1054,11,11,12,20,24,2,1,7,6,9,11,1,0,228,249,5.0,5.0,1 1 3 0 0 0 3 0 0 3 0,3 0 3 0 1 0 1 0 0 3 1
1055,9,9,7,10,10,2,2,5,1,10,12,0,0,157,141,7.0,5.0,0 6 0 0 1 0 0 0 2,0 0 0 0 0 2 5 0 0
1056,9,4,7,5,12,1,2,5,4,6,8,2,0,125,177,5.0,7.0,0 0 0 1 0 2 0 1 0,0 0 2 0 3 0 2 0 0
1057,9,7,5,6,13,0,2,11,1,10,14,1,2,186,163,5.0,5.0,0 0 0 1 5 0 0 0 1,2 1 0 1 0 0 1 0 0
1058,9,7,1,8,9,2,0,1,1,7,11,0,1,133,164,6.0,6.0,0 0 0 5 2 0 0 0 0,0 0 1 0 0 0 0 0 0
1059,9,2,1,7,9,0,0,3,0,11,17,1,0,142,148,6.0,6.0,0 1 0 1 0 0 0 0 0,0 1 0 0 0 0 0 0 0
1060,9,2,8,6,13,0,2,7,1,8,6,2,0,170,155,6.0,6.0,0 0 0 0 0 1 1 0 0,1 0 2 0 0 0 1 3 1
1061,9,4,8,9,12,1,2,1,3,13,5,0,0,153,178,6.0,7.0,0 1 0 1 0 0 0 1 1,2 2 2 0 0 1 1 0 0
1062,11,1,2,8,7,0,0,0,1,22,16,0,0,172,176,7.0,6.0,0 1 0 0 0 0 0 0 0 0 0,0 0 1 0 0 0 0 0 0 0 1
1063,9,5,7,12,14,0,0,1,4,7,10,0,2,158,158,5.0,5.0,0 3 0 0 1 0 0 0 1,0 0 4 2 1 0 0 0 0
1064,9,12,13,14,16,1,2,2,4,12,8,2,2,175,181,5.0,5.0,2 0 2 2 3 0 3 0 0,1 1 0 5 2 0 0 2 2
1065,9,15,1,21,4,2,1,1,2,7,8,0,1,194,148,7.0,5.0,6 0 1 0 3 0 0 3 2,0 1 0 0 0 0 0 0 0
1066,9,2,5,7,9,1,2,7,4,6,10,1,0,165,167,6.0,5.0,0 0 1 0 0 0 0 0 1,2 1 0 0 0 0 0 1 1
1067,9,1,2,6,10,0,1,0,1,7,9,1,0,115,141,7.0,8.0,0 0 0 0 0 0 1 0 0,0 0 0 0 2 0 0 0 0
1068,9,8,5,9,11,2,1,4,1,9,10,0,1,149,168,5.0,5.0,0 1 3 0 0 0 3 1 0,0 0 1 0 1 0 1 0 2
1069,9,14,1,21,6,3,1,1,2,11,8,0,2,183,137,7.0,6.0,4 2 3 0 0 0 2 0 3,0 0 0 0 0 0 0 1 0
1070,9,9,5,12,11,2,2,2,3,11,5,0,3,168,144,7.0,5.0,1 0 0 4 1 0 3 0 0,1 0 2 0 0 0 2 0 0
1071,10,4,6,9,14,1,1,2,3,10,12,0,2,184,169,6.0,4.0,0 3 1 0 0 0 0 0 0 0,0 0 0 0 0 2 0 0 2 2
1072,9,6,4,9,7,1,1,1,5,6,7,0,2,157,162,6.0,6.0,0 1 0 3 0 0 1 1 0,0 0 0 0 2 0 0 0 2
1073,9,0,1,5,8,0,1,3,1,16,11,1,0,154,132,7.0,7.0,0 0 0 0 0 0 0 0 0,0 0 0 0 1 0 0 0 0
1074,9,0,9,4,12,0,3,2,3,11,7,1,1,133,159,5.0,6.0,0 0 0 0 0 0 0 0 0,1 1 0 3 3 0 0 0 1
1075,9,2,1,4,4,0,0,1,1,11,11,1,1,125,135,7.0,8.0,1 1 0 0 0 0 0 0 0,0 0 0 0 0 1 0 0 0
1076,9,5,0,6,3,1,0,7,2,9,9,0,1,145,119,7.0,5.0,1 0 0 0 3 0 0 1 0,0 0 0 0 0 0 0 0 0
1077,9,12,2,12,8,2,1,5,8,9,6,0,2,187,141,6.0,4.0,0 2 6 2 0 0 0 1 1,0 0 2 0 0 0 0 0 0
1078,9,5,13,9,16,1,3,0,5,6,8,2,1,139,186,6.0,6.0,0 3 0 1 0 0 0 0 1,0 0 0 0 2 3 2 5 1
1079,9,0,6,3,10,0,1,4,3,9,8,0,1,141,155,6.0,6.0,0 0 0 0 0 0 0 0 0,0 1 0 0 0 4 1 0 0
1080,9,6,3,8,4,0,1,9,5,8,11,3,1,159,158,6.0,5.0,0 2 0 0 4 0 0 0 0,2 1 0 0 0 0 0 0 0
1081,9,5,3,6,9,0,0,6,1,7,14,1,1,136,122,7.0,7.0,0 0 0 0 0 3 0 0 2,0 0 2 0 0 0 1 0 0
1082,9,1,6,9,7,0,1,4,2,13,8,0,1,164,128,6.0,6.0,0 0 0 0 0 0 0 1 0,0 1 0 0 5 0 0 0 0
1083,9,3,4,10,10,0,3,1,2,12,8,1,0,137,151,6.0,6.0,1 0 1 0 0 1 0 0 0,0 2 0 0 0 0 1 1 0
1084,11,3,4,5,10,0,0,6,1,6,5,2,1,161,156,9.0,8.0,0 0 0 0 0 0 0 2 0 0 1,0 0 0 2 0 0 0 0 0 0 2
1085,9,7,4,12,8,0,1,6,5,1,14,1,0,174,180,5.0,7.0,4 0 0 0 0 0 3 0 0,0 0 0 0 1 1 0 0 2
1086,9,2,1,7,6,0,0,2,6,10,15,0,1,148,154,6.0,7.0,0 0 1 1 0 0 0 0 0,0 1 0 0 0 0 0 0 0
1087,9,9,1,12,6,0,1,7,0,12,13,1,1,197,118,8.0,5.0,2 0 0 2 4 0 1 0 0,0 0 1 0 0 0 0 0 0
1088,9,0,3,2,5,0,1,3,0,10,8,1,0,128,121,8.0,7.0,0 0 0 0 0 0 0 0 0,0 0 0 0 0 0 0 3 0
1089,9,8,11,13,12,0,2,9,4,8,4,1,0,194,147,5.0,6.0,0 1 0 0 0 6 0 0 1,0 3 0 4 4 0 0 0 0
1090,10,4,5,8,16,1,0,0,0,7,12,0,1,149,165,6.0,8.0,0 1 0 0 0 1 0 0 2 0,0 1 0 0 0 0 0 1 2 1
1091,9,3,2,6,9,2,0,2,4,6,11,0,1,148,158,6.0,7.0,0 0 0 0 0 1 2 0 0,0 0 0 0 0 2 0 0 0
1092,9,6,3,10,9,0,0,2,2,13,5,0,1,157,143,5.0,6.0,0 0 0 0 2 0 3 0 1,2 0 1 0 0 0 0 0 0
1093,9,5,11,8,19,2,0,1,4,4,7,1,0,117,205,6.0,9.0,0 0 0 0 0 0 0 0 5,0 0 0 0 2 3 4 1 1
1094,9,5,1,5,8,0,0,6,1,8,8,0,1,151,126,7.0,8.0,0 0 0 0 0 0 0 5 0,0 0 0 1 0 0 0 0 0
1095,9,1,8,6,10,0,1,3,5,6,3,1,1,127,151,7.0,8.0,0 0 0 0 0 1 0 0 0,0 0 0 0 0 1 2 0 5
1096,9,2,1,11,7,0,0,3,1,9,7,0,0,160,127,7.0,6.0,1 0 0 0 0 0 1 0 0,0 1 0 0 0 0 0 0 0
1097,9,3,4,10,13,0,2,4,0,4,8,0,1,157,157,7.0,6.0,0 0 0 0 3 0 0 0 0,0 0 0 0 0 0 0 0 4
1098,10,1,3,6,12,0,0,3,2,10,6,0,0,149,148,8.0,8.0,0 0 0 0 0 0 0 0 1 0,0 0 0 0 0 0 0 1 0 2
1099,9,1,10,8,18,1,0,2,1,3,5,1,0,139,166,4.0,6.0,0 0 0 0 0 0 0 0 1,4 2 2 0 0 1 0 0 1
