code,memory,t_ms,speed_mph,bend_z_seen_cm,prior_fastball,p_fastball,pred_x,pred_z,sigma_x,sigma_z,actual_z,dominant_bin,cues
FF,with memory,147,90.6,0.5,0.43,0.63,0.093,0.719,0.114,0.161,0.715,0.27558700060452485,"카운트 1-1 리그 직구 비율 52% / 이 투수 직구 비율 26% (본 공 24개, 가중 50%) / 직전 변화구 → 직구 다소 예상 / 구속 91 mph, 지금까지 휨 -2/+0 cm → 직구 63% / 판단 비중: 100%@28%"
FF,with memory,197,90.6,1.1,0.43,0.63,0.1,0.717,0.106,0.15,0.715,0.41338050090678724,"카운트 1-1 리그 직구 비율 52% / 이 투수 직구 비율 26% (본 공 24개, 가중 50%) / 직전 변화구 → 직구 다소 예상 / 구속 91 mph, 지금까지 휨 -2/+1 cm → 직구 63% / 판단 비중: 39%@28%, 61%@41%"
FF,with memory,230,90.6,3.1,0.43,0.66,0.106,0.723,0.097,0.137,0.715,0.5511740012090497,"카운트 1-1 리그 직구 비율 52% / 이 투수 직구 비율 26% (본 공 24개, 가중 50%) / 직전 변화구 → 직구 다소 예상 / 구속 91 mph, 지금까지 휨 -4/+3 cm → 직구 66% / 판단 비중: 23%@28%, 36%@41%, 41%@55%"
FF,with memory,280,90.6,3.1,0.43,0.66,0.106,0.723,0.097,0.137,0.715,0.5511740012090497,"카운트 1-1 리그 직구 비율 52% / 이 투수 직구 비율 26% (본 공 24개, 가중 50%) / 직전 변화구 → 직구 다소 예상 / 구속 91 mph, 지금까지 휨 -4/+3 cm → 직구 66% / 판단 비중: 23%@28%, 36%@41%, 41%@55%"
FF,no memory,147,90.6,0.5,0.52,0.87,0.253,0.817,0.093,0.121,0.715,0.27558700060452485,"카운트 1-1 리그 직구 비율 52% / 구속 91 mph, 지금까지 휨 -2/+0 cm → 직구 87% / 판단 비중: 100%@28%"
FF,no memory,197,90.6,1.1,0.52,0.86,0.251,0.809,0.088,0.114,0.715,0.27558700060452485,"카운트 1-1 리그 직구 비율 52% / 구속 91 mph, 지금까지 휨 -2/+1 cm → 직구 86% / 판단 비중: 50%@28%, 50%@41%"
FF,no memory,230,90.6,3.1,0.52,0.87,0.246,0.804,0.083,0.107,0.715,0.27558700060452485,"카운트 1-1 리그 직구 비율 52% / 구속 91 mph, 지금까지 휨 -4/+3 cm → 직구 87% / 판단 비중: 36%@28%, 36%@41%, 28%@55%"
FF,no memory,280,90.6,3.1,0.52,0.87,0.246,0.804,0.083,0.107,0.715,0.27558700060452485,"카운트 1-1 리그 직구 비율 52% / 구속 91 mph, 지금까지 휨 -4/+3 cm → 직구 87% / 판단 비중: 36%@28%, 36%@41%, 28%@55%"
SI,with memory,147,90.5,-0.4,0.43,0.6,0.167,0.971,0.119,0.162,0.718,0.27500148818617154,"카운트 1-1 리그 직구 비율 52% / 이 투수 직구 비율 26% (본 공 24개, 가중 50%) / 직전 변화구 → 직구 다소 예상 / 구속 90 mph, 지금까지 휨 -0/-0 cm → 직구 60% / 판단 비중: 100%@28%"
SI,with memory,197,90.5,-2.5,0.43,0.53,0.142,0.933,0.106,0.154,0.718,0.4125022322792573,"카운트 1-1 리그 직구 비율 52% / 이 투수 직구 비율 26% (본 공 24개, 가중 50%) / 직전 변화구 → 직구 다소 예상 / 구속 90 mph, 지금까지 휨 -5/-3 cm → 직구 53% / 판단 비중: 39%@28%, 61%@41%"
SI,with memory,230,90.5,-3.4,0.43,0.46,0.14,0.904,0.097,0.142,0.718,0.5500029763723431,"카운트 1-1 리그 직구 비율 52% / 이 투수 직구 비율 26% (본 공 24개, 가중 50%) / 직전 변화구 → 직구 다소 예상 / 구속 90 mph, 지금까지 휨 -6/-3 cm → 직구 46% / 판단 비중: 23%@28%, 36%@41%, 41%@55%"
SI,with memory,280,90.5,-3.4,0.43,0.46,0.14,0.904,0.097,0.142,0.718,0.5500029763723431,"카운트 1-1 리그 직구 비율 52% / 이 투수 직구 비율 26% (본 공 24개, 가중 50%) / 직전 변화구 → 직구 다소 예상 / 구속 90 mph, 지금까지 휨 -6/-3 cm → 직구 46% / 판단 비중: 23%@28%, 36%@41%, 41%@55%"
SI,no memory,147,90.5,-0.4,0.52,0.85,0.326,1.07,0.094,0.123,0.718,0.27500148818617154,"카운트 1-1 리그 직구 비율 52% / 구속 90 mph, 지금까지 휨 -0/-0 cm → 직구 85% / 판단 비중: 100%@28%"
SI,no memory,197,90.5,-2.5,0.52,0.83,0.305,1.047,0.089,0.117,0.718,0.27500148818617154,"카운트 1-1 리그 직구 비율 52% / 구속 90 mph, 지금까지 휨 -5/-3 cm → 직구 83% / 판단 비중: 50%@28%, 50%@41%"
SI,no memory,230,90.5,-3.4,0.52,0.81,0.298,1.027,0.085,0.112,0.718,0.27500148818617154,"카운트 1-1 리그 직구 비율 52% / 구속 90 mph, 지금까지 휨 -6/-3 cm → 직구 81% / 판단 비중: 36%@28%, 36%@41%, 28%@55%"
SI,no memory,280,90.5,-3.4,0.52,0.81,0.298,1.027,0.085,0.112,0.718,0.27500148818617154,"카운트 1-1 리그 직구 비율 52% / 구속 90 mph, 지금까지 휨 -6/-3 cm → 직구 81% / 판단 비중: 36%@28%, 36%@41%, 28%@55%"
SL,with memory,147,83.3,1.2,0.43,0.18,-0.145,0.646,0.162,0.151,0.717,0.2508933277448216,"카운트 1-1 리그 직구 비율 52% / 이 투수 직구 비율 26% (본 공 24개, 가중 50%) / 직전 변화구 → 직구 다소 예상 / 구속 83 mph, 지금까지 휨 +1/+1 cm → 직구 18% / 판단 비중: 100%@25%"
SL,with memory,197,83.3,4.9,0.43,0.18,-0.112,0.679,0.149,0.135,0.717,0.4181555462413693,"카운트 1-1 리그 직구 비율 52% / 이 투수 직구 비율 26% (본 공 24개, 가중 50%) / 직전 변화구 → 직구 다소 예상 / 구속 83 mph, 지금까지 휨 +2/+5 cm → 직구 18% / 판단 비중: 39%@25%, 61%@42%"
SL,with memory,230,83.3,4.9,0.43,0.18,-0.112,0.679,0.149,0.135,0.717,0.4181555462413693,"카운트 1-1 리그 직구 비율 52% / 이 투수 직구 비율 26% (본 공 24개, 가중 50%) / 직전 변화구 → 직구 다소 예상 / 구속 83 mph, 지금까지 휨 +2/+5 cm → 직구 18% / 판단 비중: 39%@25%, 61%@42%"
SL,with memory,280,83.3,7.1,0.43,0.14,-0.064,0.696,0.128,0.116,0.717,0.5854177647379171,"카운트 1-1 리그 직구 비율 52% / 이 투수 직구 비율 26% (본 공 24개, 가중 50%) / 직전 변화구 → 직구 다소 예상 / 구속 83 mph, 지금까지 휨 +6/+7 cm → 직구 14% / 판단 비중: 23%@25%, 36%@42%, 41%@59%"
SL,no memory,147,83.3,1.2,0.52,0.22,-0.076,0.698,0.101,0.14,0.717,0.2508933277448216,"카운트 1-1 리그 직구 비율 52% / 구속 83 mph, 지금까지 휨 +1/+1 cm → 직구 22% / 판단 비중: 100%@25%"
SL,no memory,197,83.3,4.9,0.52,0.24,-0.069,0.717,0.094,0.13,0.717,0.2508933277448216,"카운트 1-1 리그 직구 비율 52% / 구속 83 mph, 지금까지 휨 +2/+5 cm → 직구 24% / 판단 비중: 50%@25%, 50%@42%"
SL,no memory,230,83.3,4.9,0.52,0.24,-0.069,0.717,0.094,0.13,0.717,0.2508933277448216,"카운트 1-1 리그 직구 비율 52% / 구속 83 mph, 지금까지 휨 +2/+5 cm → 직구 24% / 판단 비중: 50%@25%, 50%@42%"
SL,no memory,280,83.3,7.1,0.52,0.23,-0.055,0.723,0.088,0.121,0.717,0.2508933277448216,"카운트 1-1 리그 직구 비율 52% / 구속 83 mph, 지금까지 휨 +6/+7 cm → 직구 23% / 판단 비중: 36%@25%, 36%@42%, 28%@59%"
CH,with memory,147,82.4,-4.5,0.43,0.08,0.339,0.888,0.15,0.139,0.72,0.28991143030589195,"카운트 1-1 리그 직구 비율 52% / 이 투수 직구 비율 26% (본 공 24개, 가중 50%) / 직전 변화구 → 직구 다소 예상 / 구속 82 mph, 지금까지 휨 +1/-5 cm → 직구 8% / 판단 비중: 100%@29%"
CH,with memory,197,82.4,-3.5,0.43,0.09,0.285,0.885,0.138,0.13,0.72,0.41415918615127423,"카운트 1-1 리그 직구 비율 52% / 이 투수 직구 비율 26% (본 공 24개, 가중 50%) / 직전 변화구 → 직구 다소 예상 / 구속 82 mph, 지금까지 휨 -5/-3 cm → 직구 9% / 판단 비중: 39%@29%, 61%@41%"
CH,with memory,230,82.4,-3.5,0.43,0.09,0.285,0.885,0.138,0.13,0.72,0.41415918615127423,"카운트 1-1 리그 직구 비율 52% / 이 투수 직구 비율 26% (본 공 24개, 가중 50%) / 직전 변화구 → 직구 다소 예상 / 구속 82 mph, 지금까지 휨 -5/-3 cm → 직구 9% / 판단 비중: 39%@29%, 61%@41%"
CH,with memory,280,82.4,-6.5,0.43,0.07,0.246,0.862,0.12,0.114,0.72,0.579822860611784,"카운트 1-1 리그 직구 비율 52% / 이 투수 직구 비율 26% (본 공 24개, 가중 50%) / 직전 변화구 → 직구 다소 예상 / 구속 82 mph, 지금까지 휨 -10/-7 cm → 직구 7% / 판단 비중: 23%@29%, 36%@41%, 41%@58%"
CH,no memory,147,82.4,-4.5,0.52,0.1,0.402,0.938,0.098,0.126,0.72,0.28991143030589195,"카운트 1-1 리그 직구 비율 52% / 구속 82 mph, 지금까지 휨 +1/-5 cm → 직구 10% / 판단 비중: 100%@29%"
CH,no memory,197,82.4,-3.5,0.52,0.1,0.371,0.938,0.093,0.12,0.72,0.28991143030589195,"카운트 1-1 리그 직구 비율 52% / 구속 82 mph, 지금까지 휨 -5/-3 cm → 직구 10% / 판단 비중: 50%@29%, 50%@41%"
CH,no memory,230,82.4,-3.5,0.52,0.1,0.371,0.938,0.093,0.12,0.72,0.28991143030589195,"카운트 1-1 리그 직구 비율 52% / 구속 82 mph, 지금까지 휨 -5/-3 cm → 직구 10% / 판단 비중: 50%@29%, 50%@41%"
CH,no memory,280,82.4,-6.5,0.52,0.08,0.346,0.921,0.087,0.111,0.72,0.28991143030589195,"카운트 1-1 리그 직구 비율 52% / 구속 82 mph, 지금까지 휨 -10/-7 cm → 직구 8% / 판단 비중: 36%@29%, 36%@41%, 28%@58%"
