seed,outcome,n_pitches,final_balls,final_strikes
0,out,3,0,2
1,strikeout,3,0,3
2,walk,6,4,2
3,out,4,2,1
4,strikeout,6,3,3
5,strikeout,4,1,3
6,single,1,0,0
7,out,5,2,2
8,out,2,1,0
9,out,7,3,2
10,out,4,2,1
11,strikeout,8,3,3
12,HR,5,2,2
13,single,3,2,0
14,out,4,1,2
15,double,2,1,0
16,out,3,1,1
17,out,5,2,2
18,walk,5,4,1
19,out,3,1,1
20,double,3,1,1
21,out,3,1,1
22,out,2,1,0
23,double,3,1,1
24,out,1,0,0
25,out,2,0,1
26,HR,4,2,1
27,out,3,2,0
28,strikeout,6,3,3
29,out,3,0,2
30,double,1,0,0
31,out,2,1,0
32,out,1,0,0
33,out,2,0,1
34,out,3,2,0
35,out,2,0,1
36,out,1,0,0
37,strikeout,4,1,3
38,double,3,0,2
39,out,5,2,2
40,out,2,1,0
41,out,2,1,0
42,double,2,1,0
43,out,1,0,0
44,out,4,2,1
45,out,2,1,0
46,double,2,1,0
47,single,3,1,1
48,out,2,1,0
49,single,4,2,1
50,HR,5,2,2
51,out,2,1,0
52,out,2,0,1
53,walk,6,4,2
54,walk,5,4,1
55,double,2,1,0
56,out,4,2,1
57,single,1,0,0
58,out,5,1,2
59,out,6,3,2
60,out,1,0,0
61,out,2,1,0
62,strikeout,5,2,3
63,HR,5,2,2
64,single,1,0,0
65,out,3,1,1
66,out,6,3,2
67,out,4,3,0
68,strikeout,6,3,3
69,single,2,0,1
70,out,2,0,1
71,double,3,2,0
72,single,3,2,0
73,walk,6,4,2
74,walk,9,4,2
75,double,2,0,1
76,strikeout,4,1,3
77,out,1,0,0
78,walk,5,4,1
79,strikeout,5,2,3
80,single,5,2,2
81,single,3,2,0
82,out,1,0,0
83,double,2,0,1
84,strikeout,7,1,3
85,walk,6,4,2
86,out,4,0,2
87,strikeout,6,3,3
88,strikeout,4,1,3
89,single,2,1,0
90,out,4,1,2
91,out,3,0,2
92,out,3,1,1
93,walk,5,4,1
94,single,5,2,2
95,strikeout,6,2,3
96,out,3,1,1
97,single,2,1,0
98,out,3,1,1
99,single,4,2,1
100,out,1,0,0
101,double,1,0,0
102,out,1,0,0
103,walk,5,4,1
104,out,2,0,1
105,double,1,0,0
106,out,4,2,1
107,HR,2,0,1
108,double,1,0,0
109,out,3,1,1
110,out,6,3,2
111,double,2,0,1
112,out,3,0,2
113,double,2,0,1
114,out,4,1,2
115,single,5,2,2
116,double,3,1,1
117,double,3,1,1
118,out,3,1,1
119,out,5,1,2
120,out,3,2,0
121,out,3,0,2
122,walk,5,4,1
123,out,3,1,1
124,out,1,0,0
125,out,3,1,1
126,out,6,3,2
127,out,3,1,1
128,double,3,1,1
129,out,3,2,0
130,out,2,0,1
131,strikeout,6,3,3
132,strikeout,3,0,3
133,out,4,2,1
134,single,3,2,0
135,walk,5,4,1
136,single,4,1,2
137,strikeout,6,2,3
138,out,5,2,2
139,strikeout,5,1,3
140,out,5,2,2
141,strikeout,5,2,3
142,out,2,0,1
143,strikeout,4,0,3
144,strikeout,6,3,3
145,out,2,0,1
146,out,5,2,2
147,strikeout,7,3,3
148,out,6,3,2
149,strikeout,4,1,3
150,out,2,0,1
151,out,3,1,1
152,strikeout,6,2,3
153,out,5,2,2
154,double,2,1,0
155,out,3,1,1
156,single,4,2,1
157,HR,1,0,0
158,out,3,2,0
159,out,3,0,2
160,out,2,1,0
161,walk,6,4,2
162,single,2,0,1
163,out,4,1,2
164,walk,6,4,2
165,double,2,1,0
166,strikeout,3,0,3
167,out,4,2,1
168,strikeout,4,1,3
169,single,2,0,1
170,strikeout,5,2,3
171,out,4,1,2
172,out,1,0,0
173,single,1,0,0
174,out,4,1,2
175,out,4,2,1
176,double,4,1,2
177,walk,7,4,2
178,out,3,2,0
179,out,6,2,2
180,out,2,1,0
181,double,2,0,1
182,single,4,2,1
183,out,2,1,0
184,out,5,2,2
185,out,6,2,2
186,out,4,2,1
187,out,4,1,2
188,out,1,0,0
189,strikeout,5,1,3
190,out,5,2,2
191,double,2,1,0
192,strikeout,5,2,3
193,out,3,1,1
194,out,2,1,0
195,out,3,0,2
196,out,2,0,1
197,double,2,0,1
198,out,4,1,2
199,walk,4,4,0
200,single,3,1,1
201,out,7,3,2
202,single,2,0,1
203,double,3,1,1
204,double,2,1,0
205,single,1,0,0
206,out,1,0,0
207,out,5,2,2
208,out,5,2,2
209,out,2,1,0
210,double,3,1,1
211,out,5,2,2
212,out,3,1,1
213,strikeout,4,1,3
214,HR,4,1,2
215,out,4,1,2
216,strikeout,7,3,3
217,strikeout,5,2,3
218,double,4,1,2
219,out,3,0,2
220,out,6,3,2
221,out,2,1,0
222,walk,9,4,2
223,out,7,3,2
224,strikeout,5,1,3
225,out,6,3,2
226,out,4,0,2
227,out,4,2,1
228,walk,6,4,2
229,out,5,2,2
230,out,2,0,1
231,out,2,1,0
232,out,2,1,0
233,walk,6,4,2
234,out,3,0,2
235,out,5,2,2
236,walk,8,4,2
237,out,3,1,1
238,single,1,0,0
239,out,1,0,0
240,walk,6,4,2
241,out,6,3,2
242,HR,1,0,0
243,out,6,3,2
244,out,3,0,2
245,out,5,3,1
246,walk,6,4,2
247,out,5,2,2
248,out,1,0,0
249,walk,6,4,2
250,walk,6,4,2
251,double,2,0,1
252,strikeout,4,1,3
253,single,3,2,0
254,single,5,2,2
255,strikeout,3,0,3
256,strikeout,4,1,3
257,strikeout,6,3,3
258,double,3,1,1
259,out,3,2,0
260,out,4,1,2
261,single,3,0,2
262,walk,10,4,2
263,strikeout,5,2,3
264,single,2,0,1
265,out,4,2,1
266,out,2,1,0
267,out,2,0,1
268,out,6,3,2
269,single,3,0,2
270,strikeout,5,2,3
271,out,3,0,2
272,out,1,0,0
273,out,2,0,1
274,single,1,0,0
275,single,2,1,0
276,single,3,1,1
277,double,2,1,0
278,out,1,0,0
279,double,3,0,2
280,strikeout,7,2,3
281,out,1,0,0
282,out,1,0,0
283,out,1,0,0
284,strikeout,6,3,3
285,out,7,3,2
286,strikeout,7,3,3
287,walk,5,4,1
288,out,1,0,0
289,out,3,1,1
290,out,2,0,1
291,out,2,0,1
292,strikeout,5,1,3
293,out,5,2,2
294,out,6,3,2
295,out,1,0,0
296,double,5,2,2
297,out,1,0,0
298,strikeout,4,1,3
299,double,3,2,0
